MeSH Code,UMLS Code
D018357,C0035235
D009976,C0276357
D015658,C0019693
D000163,C0001175
D001943,C1257931
D003110,C0007102
D015674,C1257925
D012878,C0007114
D009374,C0027659
D002471,C0007621
D009386,C0027672
D016864,C0085390
D001847,C0005940
D001848,C0005941
D003057,C0751037
D001851,C0029453
D010024,C0001787
D013122,C0037933
D012600,C0036439
D007575,C0022366
D007592,C0022408
D001172,C0003873
D005356,C0751153
D017241,C0162671
D017246,C0162674
D020389,C0410189
D019465,C0376634
D008831,C0025958
D003092,C0009319
D007079,C0020877
D008286,C0024523
D005234,C2711227
D008103,C0023890
D050500,C0149521
D005158,C0015469
D016388,C0080233
D019217,C0004277
D008171,C0024115
D014929,C4551693
D006319,C0018784
D001927,C0006111
D006816,C0393574
D002547,C0394003
D001260,C0004135
D002561,C0007820
D003704,C0497327
D000544,C0002395
D020329,C0270736
D021081,C0813142
D002607,C0270911
D020752,C0265316
D019636,C0524851
D008569,C0751292
D003635,C0270972
D004314,C0432416
D010146,C0458257
D009468,C0002735
D020268,C0751865
D007319,C0541798
D000417,C0001916
D002386,C0086543
D007248,C0848676
D014646,C0042341
D007674,C0022658
D006977,C0020544
D005921,C0017658
D014511,C0041948
D016649,C0085215
D000026,C0000809
D012848,C0037188
D009202,C0878544
D006323,C0018790
D017202,C0151744
D003324,C1956346
D014652,C0042373
D050197,C1563937
D006973,C0020538
D000015,C0000772
D001816,C0005859
D012868,C0037268
D019871,C1148551
D011038,C0032339
D030342,C0950123
D008661,C0025521
D028226,C0740340
D011371,C0033300
D003483,C0010495
D014898,C0043119
D016511,C0085110
D003240,C0009782
D003095,C0009326
D012595,C0036421
D045743,C1258104
D012871,C0178298
D006201,C0018500
D014820,C0042900
D008060,C0023787
D049914,C1563696
D003921,C0002152
D003924,C0011860
D006943,C1855520
D007333,C0920563
D006949,C0020473
D015228,C0020557
D028361,C0949855
D014808,C0042870
D009765,C0028754
D000303,C0001614
D001327,C0004364
D003130,C0086703
D013313,C4505439
D003072,C0029947
D002658,C0085996
D006547,C0019270
D003645,C0011071
D020022,C0314657
D042822,C0919532
D005911,C3887640
D006130,C0018273
D007249,C5200801
D007511,C0022116
D009389,C0027686
D009410,C0027746
D019973,C0236664
D000437,C0001956
D001265,C0004161
D011832,C0034530
D011833,C0034531
D016470,C0004610
D008585,C1135745
D014884,C1403891
D000712,C0002797
D002006,C0006309
D009956,C0029291
D014435,C0041466
D016481,C0079487
D008589,C0025303
D014406,C0041351
D013587,C0039128
D004165,C1301422
D007918,C0023343
D014376,C0041296
D014383,C0041310
D014399,C3179450
D014397,C0041327
D001906,C0006057
D004761,C1257843
D013742,C0039614
D013203,C1318973
D012213,C0035436
D012214,C0085916
D015299,C0012624
D003428,C0010356
D011251,C4704910
D012141,C0035243
D018805,C0036690
D003881,C0011630
D010229,C0030409
D009181,C0026946
D006660,C1306038
D008172,C0024116
D004660,C0393484
D008587,C0025297
D011051,C0032371
D006509,C0019163
D003586,C0341335
D007244,C0021345
D012514,C0036220
D015673,C0015674
D006506,C0019159
D006526,C0019196
D019698,C0524910
D003699,C1956384
D006480,C0019101
D003139,C0086066
D000386,C0001857
D002590,C0007894
D004443,C0013502
D004444,C0013504
D014201,C0025530
D005211,C0015652
D009889,C0277005
D012552,C0036323
D007411,C0021832
D008109,C0023897
D008174,C0024118
D000562,C0002438
D014123,C0040558
D007898,C0023290
D014353,C0027333
D008288,C0024530
D016778,C0024535
D014245,C0040921
D003560,C0010709
D016080,C0751615
D003884,C0011649
D007938,C0023418
D007943,C0023443
D007945,C0023448
D007951,C0023466
D015470,C1879321
D015473,C0023487
D008223,C0024299
D006689,C1334968
D008228,C4721532
D016400,C0079746
D016410,C0079773
D008067,C0023798
D009232,C0027149
D007889,C0023267
D007890,C0023269
D009217,C0027095
D018237,C0206660
D003397,C0278875
D005910,C0017638
D000238,C0001432
D008545,C0025202
D009442,C0027809
D013724,C1879828
D002822,C0008497
D000236,C0001430
D002277,C0007097
D000230,C0001418
D006528,C2239176
D002292,C0279702
D002291,C0007133
D002294,C0007137
D008579,C0281784
D009101,C0026764
D010954,C0032131
D008258,C0024419
D010534,C0346990
D012186,C0035358
D005770,C0685938
D004938,C0546837
D007414,C0021841
D002430,C0007528
D015179,C0009402
D012004,C0007113
D013274,C0024623
D008113,C0345904
D010190,C0030297
D010051,C1140680
D010282,C0030521
D010911,C0032019
D006258,C0027533
D005153,C0015461
D009062,C0026640
D007822,C0007107
D009959,C2349952
D019337,C0376544
D001932,C0006118
D002551,C0007798
D008577,C0751300
D013120,C0153646
D019042,C0282606
D006338,C1959584
D008479,C0153504
D008175,C0024121
D002289,C0007131
D013953,C0751552
D014594,C0153567
D011471,C0376358
D014571,C0751571
D007680,C0022665
D009378,C0027663
D009364,C0027643
D010257,C0030472
D000168,C0001193
D008382,C4721845
D000172,C0001206
D015663,C0029458
D010007,C0029420
D007738,C0022821
D013167,C0038013
D005208,C0015645
D013706,C0039496
D001168,C0003864
D010003,C0086743
D003286,C0009917
D009135,C0026848
D017240,C0949496
D009120,C0026821
D018908,C0151786
D009136,C0026850
D039141,C0270952
D009220,C0544796
D003882,C0263666
D009224,C0027127
D011111,C0032533
D009212,C0027080
D012216,C0035435
D001660,C0005424
D001657,C0005416
D002769,C0008350
D042882,C0009438
D002764,C0014012
D005767,C0559031
D003680,C0011168
D017675,C1527226
D005764,C0017168
D004941,C0014868
D003093,C0009324
D005756,C0017152
D003424,C0949272
D007410,C0021831
D002429,C0007527
D043183,C0022104
D013478,C0038828
D010437,C0030920
D004381,C0010474
D007443,C0021933
D013272,C0038354
D011178,C0032763
D004377,C0013288
D008107,C0023895
D006505,C0019158
D006975,C0020541
D003550,C1527396
D010188,C0267963
D001249,C0004096
D014832,C0264600
D017565,C0036205
D029424,C1527303
D011014,C0032285
D010254,C0030469
D012852,C0037199
D006255,C0018621
D002916,C0008733
D010998,C0032231
D012891,C0037315
D003371,C0010200
D004417,C0085619
D006985,C0020578
D012131,C0340194
D014717,C0155503
D009103,C0026769
D020529,C0751967
D009157,C0026896
D004402,C0013364
D013700,C1956391
D001342,C0393912
D007024,C0020651
D002493,C0007682
D001480,C0015371
D010300,C0030567
D010301,C0030568
D001925,C0006109
D000326,C0162309
D005776,C0017205
D001930,C0270611
D001924,C0006107
D002524,C0007758
D002545,C0007786
D002544,C0007785
D002546,C0007787
D014715,C0751572
D002340,C0007273
D002537,C0877854
D002543,C2937358
D013345,C0795688
D020521,C0751956
D004827,C0014544
D004828,C0393675
D004829,C0017332
D004832,C0014553
D008881,C0270858
D006849,C0549423
D004652,C0014008
D007018,C0242342
D013786,C0221057
D001100,C0003708
D009069,C0026650
D017109,C0751647
D013118,C0037928
D000690,C0002736
D013117,C0742803
D013595,C3854373
D003389,C0751059
D013285,C0344247
D014277,C0393786
D003711,C0011303
D015419,C4721916
D009436,C0080218
D016135,C0080178
D028227,C0342608
D001259,C0750937
D018476,C0233565
D009207,C0021712
D002389,C0007398
D001037,C0234482
D013342,C0751527
D003693,C0154333
D003244,C0549249
D014474,C0041657
D013575,C0700200
D000647,C0002622
D010468,C0751418
D006212,C0544668
D011596,C5441816
D001072,C3495144
D009133,C0026846
D013035,C0235229
D013746,C0917812
D001416,C0750949
D006261,C0877781
D019547,C0007859
D009437,C0027796
D010148,C0030200
D010243,C0234544
D012021,C0277850
D004244,C0220870
D006987,C0020580
D010292,C0392699
D014786,C3665347
D001766,C1879328
D004172,C0271186
D010523,C4721453
D020968,C0221759
D003929,C0393835
D002349,C0007286
D011115,C0393851
D020261,C0751851
D006970,C0917799
D012148,C0035258
D006259,C0751181
D016489,C0085094
D003233,C0022577
D007634,C0022568
D001763,C0005745
D015352,C5197850
D006111,C0018213
D009845,C0028960
D011470,C1704272
D011472,C0033581
D000312,C0001627
D003919,C0011848
D020790,C0687720
D005198,C0341703
D009395,C0027707
D058186,C0022660
D007676,C0022661
D001477,C0004775
D053579,C0268450
D007015,C0282201
D011507,C0033687
D014592,C0042134
D011248,C5545313
D005315,C0013949
D006473,C0269899
D010922,C0032045
D011249,C0032963
D011644,C0034040
D007775,C0022927
D006330,C0018798
D006344,C0018817
D006331,C0018799
D001145,C0003811
D012804,C0428908
D001281,C3468561
D001282,C0004239
D001919,C0428977
D005117,C0340464
D002037,C0006384
D013610,C0080203
D013617,C0039240
D006322,C0018789
D006333,C0018801
D008945,C0026267
D014262,C0040961
D000787,C0002962
D000789,C0086666
D003327,C0010068
D003323,C0010051
D009203,C0027051
D054556,C1861172
D003449,C0010403
D004535,C0013720
D012614,C0036474
D013683,C0039445
D007022,C0020649
D014648,C0042345
D014657,C0042384
D009080,C0026691
D006402,C0018939
D000740,C0002871
D000741,C0178416
D000743,C0002878
D000744,C0175816
D017086,C0085578
D000747,C0002884
D000749,C0002888
D006467,C3494186
D014923,C0043194
D011693,C0034150
D004406,C0013374
D010265,C0030489
D004802,C0014457
D007964,C0023518
D008206,C0024228
D008199,C0001416
D007119,C0020981
D012507,C0036202
D013158,C0037997
D005633,C0016751
D003554,C2931187
D006432,C0392514
D011164,C0032708
D008180,C0024141
D017454,C0162824
D003875,C0406537
D005076,C0015230
D000506,C0002171
D010859,C0022283
D017495,C0162834
D011565,C0030246
D014581,C0042109
D016883,C0011880
D000471,C0002063
D006934,C0026141
D003922,C0342302
D006946,C1257963
D007003,C0271708
D006937,C0020443
D000686,C0002726
D006955,C0020488
D007008,C0020621
D007010,C0020625
D009748,C3714509
D003677,C0011156
D001361,C1510471
D001206,C0003969
D014804,C0042850
D014806,C0042847
D008275,C0024473
D011488,C0033626
D000307,C0001621
D000309,C0001623
D000224,C0001403
D000308,C0001622
D003480,C0010481
D006929,C1384514
D003926,C1263960
D006961,C0020502
D049950,C0221002
D016884,C0085859
D013959,C0040128
D006042,C0018021
D006980,C3714618
D013958,C0040127
D007037,C3665349
D013967,C0920350
D016736,C0085278
D006967,C1527304
D004342,C0013182
D018876,C0282504
D018877,C0037050
D006968,C0020522
D005512,C0016470
D000275,C0001546
D001008,C0376280
D009449,C0027821
D009771,C0028768
D016584,C0086769
D010698,C0031570
D000856,C0003125
D009110,C0026785
D002653,C0008066
D012561,C0036346
D019964,C0525045
D000341,C0001723
D001714,C0005586
D003866,C0086133
D003865,C1571984
D009497,C0027932
D010554,C0027402
D000987,C0233523
D001883,C0006012
D006677,C0019681
D007046,C0086441
D012557,C0036339
D010259,C1456784
D011618,C0033958
D012559,C0036341
D006998,C0020604
D009440,C0027804
D019966,C0740858
D014314,C1297882
D006406,C0018944
D022124,C0220994
D007565,C0242183
D008599,C0032519
D000568,C0032796
D009336,C0027540
D011183,C0032787
D008305,C0024591
D011604,C0033936
D011041,C0032343
D002249,C0007020
D007855,C0023176
D011605,C0033941
D013375,C0086189
D002056,C0006434
D005151,C0015459
D001630,C1321580
D013978,C2862185
D001424,C0004623
D020806,C0752180
D001922,C0006105
D013354,C0038539
D020802,C0270629
D016920,C0085437
D008583,C0917807
D008584,C0343442
D008586,C0751312
D014390,C0751568
D009494,C0343686
D004697,C0014121
D004698,C0014122
D015818,C0015404
D003234,C0009768
D014392,C0041322
D018934,C0238419
D016905,C0085423
D000711,C0018476
D016873,C0343771
D006357,C0018835
D016866,C0085392
D001442,C0004669
D001474,C0029307
D016917,C0343770
D002372,C0007361
D014205,C0040830
D014917,C0043167
D001899,C0006035
D008193,C0024198
D015787,C0014740
D012061,C0035021
D019121,C0282677
D008554,C0025229
D002169,C0006818
D002690,C0008149
D023521,C0887976
D004756,C0014347
D004405,C1257869
D004927,C0014836
D007710,C0022729
D011512,C0033700
D012480,C0036117
D010284,C0030528
D012478,C0036114
D012481,C0036118
D016868,C0085394
D015009,C0238528
D010930,C0032064
D015012,C0043410
D005674,C0027537
D057831,C0343525
D011906,C0034686
D007876,C0023240
D007877,C0023241
D007922,C0023364
D014895,C0043102
D045828,C1258225
D000151,C0001139
D009180,C0026945
D009175,C0026936
D011002,C0032243
D011019,C0032302
D016869,C0085395
D016870,C0085396
D006069,C0018081
D000189,C0001249
D006192,C2028293
D010326,C0030636
D011552,C0033817
D011778,C1443892
D012288,C0035592
D012282,C0035585
D001907,C0006060
D012373,C0035793
D014437,C0041472
D014438,C0006181
D012612,C0036472
D017282,C0162699
D014211,C0004945
D002601,C0007939
D013590,C0020186
D013591,C0039132
D013592,C0039133
D014735,C0042636
D002771,C0008354
D016908,C0085426
D000193,C0001255
D000196,C0001261
D008061,C0023788
D003354,C0010153
D009164,C0026918
D056006,C1562585
D015440,C0023348
D015439,C0023346
D015270,C0026916
D010283,C0030524
D014395,C0041325
D014375,C0041295
D016862,C0085388
D014380,C0041307
D014381,C0041308
D010495,C0031049
D020306,C0275904
D014382,C0343029
D008177,C0024131
D014385,C0041312
D014386,C0041313
D014387,C0041315
D014388,C0036467
D014391,C0041321
D018088,C0206525
D014393,C0041323
D014394,C0022415
D014396,C0041326
D014400,C0041331
D014401,C0041333
D014384,C0041311
D014389,C0041317
D014398,C0041328
D009617,C0028242
D008271,C2355609
D000881,C0003175
D003015,C0343386
D005738,C0017105
D004887,C1276801
D008088,C0023860
D011023,C0032308
D013202,C0038159
D013207,C0038166
D002270,C0007078
D007169,C0376186
D013206,C0038165
D013290,C0554628
D004473,C0013568
D004886,C0014733
D011008,C0032269
D011018,C0155862
D012541,C0036285
D018410,C0004626
D017192,C0162627
D019115,C0238124
D016585,C0085166
D016781,C0085315
D002494,C0007684
D000785,C0085808
D001170,C0003869
D016918,C0085435
D001850,C0005943
D010000,C0029400
D010019,C0029443
D010522,C0031111
D013166,C0038012
D055499,C0860239
D003141,C0009450
D021821,C0872315
D017714,C0206171
D053717,C1701940
D015817,C0015403
D009877,C0014236
D005490,C0016397
D005491,C0016398
D009894,C0029118
D017088,C0162526
D015163,C0038826
D034161,C0030790
D000292,C0001577
D000031,C0000817
D011645,C0034041
D016459,C0085073
D016724,C0014013
D019446,C0376618
D016469,C0085082
D012772,C0036981
D012874,C0037278
D002481,C0031557
D001759,C0005717
D013174,C0864813
D014005,C4505442
D014006,C0276742
D018461,C0149778
D013492,C0034161
D000038,C0000833
D018784,C0243001
D008100,C0023885
D008101,C1527403
D046290,C0267830
D013369,C0038565
D008169,C0024110
D010482,C0031024
D010508,C0031085
D000039,C0031157
D016659,C0085222
D017703,C0155843
D004653,C0014009
D010035,C0029888
D052880,C1704275
D013969,C0040150
D014115,C0040524
D014552,C0042029
D001437,C0004659
D011776,C0034359
D012553,C1704430
D014946,C0043241
D013530,C0038941
D001228,C0004030
D001229,C0004031
D002177,C0006840
D002180,C0006849
D016919,C0085436
D003047,C0009186
D003453,C3888929
D011020,C1535939
D016881,C0085407
D020096,C0343961
D009091,C0026718
D015047,C0043528
D001102,C0003723
D001819,C0005866
D003715,C0011311
D004671,C0014055
D004670,C0014053
D004672,C0014057
D004674,C0014060
D004675,C0015632
D014901,C0751583
D004683,C0014074
D020242,C0153065
D004685,C0014078
D010217,C0030372
D012295,C0035613
D000357,C0001752
D003121,C0009400
D006479,C0019099
D015004,C0043395
D001990,C0006274
D020805,C0348165
D018792,C0243010
D020803,C0001338
D020804,C0153017
D007968,C0023524
D013344,C0038522
D008216,C0024266
D008582,C0025290
D009187,C0026975
D015493,C0030481
D004266,C0012922
D000257,C0001486
D000258,C0001487
D019694,C0524909
D006566,C0019372
D002644,C0008049
D017726,C0206178
D020031,C0149678
D002051,C4721444
D006561,C0019348
D006558,C0019342
D006560,C0019345
D007617,C0022504
D016849,C0019357
D007635,C0022570
D013283,C0038366
D006562,C0019360
D006563,C0019364
D007241,C0021334
D008304,C0276241
D019349,C0376549
D005077,C0015231
D030361,C0950124
D003218,C0009663
D010322,C0276275
D016731,C0085273
D011213,C0026143
D015605,C0010232
D008166,C0024106
D045908,C0276180
D012899,C0001906
D014615,C0042214
D015828,C0015407
D003236,C0009774
D006525,C0019195
D016751,C0085293
D011024,C0032310
D012327,C0035690
D006478,C0282192
D007835,C0023092
D019350,C0376550
D002044,C0085933
D018778,C0242994
D017250,C0206044
D018177,C0206608
D008146,C0024025
D001912,C0006075
D006691,C0019841
D006482,C0019104
D019142,C0282687
D008379,C0024788
D018184,C0206613
D009521,C0027983
D004216,C0205740
D008457,C0025007
D012301,C0035637
D010253,C3714630
D009107,C0026780
D004810,C0014481
D011818,C0034494
D019318,C0376538
D018352,C0206750
D045169,C1175175
D007251,C0021400
D005585,C0016627
D010850,C0031887
D018188,C0206617
D004769,C0014378
D003384,C0010246
D006232,C0018572
D011000,C0032238
D004457,C0013533
D005536,C0016514
D012088,C0035112
D012400,C0035869
D012192,C0035369
D015490,C0020097
D004859,C0014661
D015526,C0001849
D006679,C0019699
D016097,C0080151
D014036,C0040361
D018354,C0919833
D012409,C0035920
D017193,C0162628
D014412,C0030357
D014766,C0042749
D020807,C0752181
D020019,C5235044
D020818,C0752191
D016779,C0751628
D006373,C0027585
D013031,C0037753
D004445,C0013505
D013319,C0038459
D014120,C0040553
D017189,C0006897
D014235,C2713585
D014257,C0040954
D007815,C0546999
D007816,C0023049
D017129,C0162576
D001196,C0003950
D017229,C0086227
D013322,C0085810
D005368,C0013755
D004605,C0013884
D008118,C0023968
D008368,C3489414
D009855,C0029001
D017206,C0162637
D006725,C0006389
D003003,C0009021
D010237,C0030424
D012554,C0036329
D012555,C0036330
D016776,C0085313
D003457,C0010418
D004404,C0013370
D005873,C0017536
D018512,C0242723
D001404,C0004576
D013801,C0013467
D014124,C0040559
D014354,C0041230
D015597,C0162494
D011528,C0033740
D004749,C0014324
D003048,C0005146
D021866,C0343398
D014125,C0751562
D007896,C0023281
D016773,C0086540
D014352,C0041227
D014355,C0041234
D008289,C0024533
D001742,C0005681
D016780,C0024537
D012876,C0037280
D010373,C0030756
D009198,C0027030
D007000,C0020607
D013984,C0040196
D001845,C0021862
D001994,C0006281
D015529,C1257796
D004814,C0014511
D008210,C0024248
D008476,C0025060
D009078,C0026683
D010048,C0029927
D011085,C0032460
D010181,C0030283
D010192,C0030299
D010864,C0031925
D014496,C0041915
D006222,C0018552
D014402,C0041341
D054747,C0334663
D015448,C2004493
D015451,C0023434
D015456,C0023464
D015463,C0023486
D015459,C0023493
D054198,C0023452
D015452,C0023485
D015464,C0279543
D001752,C0005699
D015466,C0023474
D015479,C0023479
D015477,C0023480
D004915,C0023440
D007947,C0023462
D007948,C0023465
D023981,C4721505
D008202,C0205828
D018191,C0206620
D007161,C0021071
D016393,C0079731
D016483,C0085090
D018442,C0242647
D016403,C0079744
D008230,C0024307
D008224,C1956130
D017728,C0206180
D020522,C4721414
D016399,C0079772
D054446,C1301362
D017731,C0206182
D009182,C0026948
D016411,C0079774
D008949,C0026277
D018196,C0206623
D002296,C0007140
D002279,C0007098
D009396,C0027708
D018202,C0206629
D018335,C0206743
D018203,C0206630
D018207,C0206633
D008080,C0023827
D018209,C0206635
D008415,C0024899
D014582,C0042111
D034721,C0221013
D047708,C1266121
D010016,C0029440
D010017,C0029441
D012516,C0029463
D005350,C0205766
D018221,C0206646
D005354,C0016057
D051642,C1509147
D018219,C0206644
D018227,C0206651
D013584,C0039101
D009379,C0027664
D018231,C0206654
D012208,C0035412
D018232,C0206655
D012509,C1261473
D006394,C0018923
D003557,C0010701
D012513,C0036214
D012517,C0036224
D009373,C0027654
D004407,C0013377
D018239,C0036631
D008649,C0025490
D001254,C0280783
D005909,C0334588
D004806,C0280788
D018316,C0206726
D008527,C0278510
D009447,C0027819
D010871,C0031941
D012175,C0751483
D018358,C0206754
D002276,C0007095
D008303,C0024586
D015266,C0007129
D018328,C0206735
D008546,C0025205
D009464,C0027859
D010235,C0030421
D010236,C0030422
D002345,C0007279
D010673,C0031511
D006828,C0020217
D009375,C0027660
D002759,C0008309
D018254,C0206675
D011125,C2713442
D003537,C0010633
D018291,C0010635
D008654,C0025500
D015175,C0344452
D002282,C0007120
D002288,C0007130
D000231,C0001420
D018270,C0021367
D021441,C0887833
D018275,C0206692
D018281,C0345905
D018284,C0206701
D002280,C4721806
D002286,C0007125
D002278,C0878500
D018288,C0262584
D002295,C0007138
D011553,C0033822
D018307,C0751688
D010212,C0030354
D009380,C0027665
D017253,C0917817
D000794,C0002985
D005918,C0017653
D006391,C0205789
D006390,C0018915
D018323,C0206732
D006392,C0018920
D006393,C0018922
D000008,C0000735
D001859,C0005967
D012888,C0037305
D008339,C0024694
D008441,C0024954
D013125,C0037939
D018567,C0242788
D004067,C0751075
D001661,C0750952
D001650,C0005396
D003138,C0009442
D005706,C0153452
D001063,C0496779
D012811,C0153436
D001005,C0279637
D004379,C0541912
D007078,C0345836
D007580,C0022374
D008114,C0023904
D000310,C0001624
D000306,C0001618
D009384,C0027670
D013736,C1720811
D013964,C0549473
D016606,C0040137
D005134,C0496836
D019572,C0024622
D005887,C0017570
D008048,C0023761
D014062,C0040411
D004428,C0013449
D010255,C0030470
D010610,C0031347
D007012,C0153398
D009303,C0027439
D014067,C0751560
D014134,C0040582
D019046,C0282609
D008325,C0024668
D016543,C0751620
D007029,C0751238
D020863,C0752244
D020361,C0393919
D020363,C0338430
D009188,C0026976
D020362,C0393534
D010524,C0751428
D010386,C0030793
D012983,C0037579
D019043,C0282607
D013160,C0153470
D013899,C0039981
D001984,C0006264
D002283,C0007121
D055613,C0748164
D003074,C2350019
D010997,C0032229
D016066,C0080032
D014565,C0751569
D005833,C0017416
D016889,C0476089
D002583,C0007873
D014846,C0375071
D005834,C0017417
D010412,C0030849
D014516,C0153619
D014523,C0700101
D001749,C0005695
D009376,C0027661
D016609,C0877578
D002472,C0007622
D017254,C0162679
D009362,C0027627
D008207,C0024232
D009382,C0027667
D009360,C0027625
D009365,C0027644
D011289,C0033027
D004392,C0013336
D003409,C0342200
D005877,C0017547
D010009,C3541456
D006958,C0020497
D010013,C0023931
D010022,C3179239
D010015,C0029437
D012279,C0035579
D001862,C0005974
D010014,C4721411
D004803,C0014461
D010001,C0029401
D010005,C0029412
D010020,C0027543
D005271,C0410480
D013128,C0037942
D013130,C0037944
D025242,C0949691
D015535,C0003872
D002357,C0085700
D011081,C0032453
D003025,C0009081
D005534,C0016510
D007571,C0022362
D006101,C0018194
D002972,C1837218
D008844,C0025990
D013705,C0039494
D008439,C0024950
D018771,C0003862
D020069,C0037011
D001169,C0971858
D012218,C0035450
D002805,C0553730
D006073,C0018099
D015210,C0003868
D010489,C0031037
D001176,C0003886
D002062,C0158300
D006395,C0018924
D016916,C0085433
D013585,C0878705
D003161,C0009492
D000868,C0003152
D016603,C0085179
D009127,C0231519
D009128,C0026838
D020388,C3542021
D009223,C0027126
D020512,C0751951
D009221,C0027122
D017285,C0263984
D012206,C0035410
D013717,C0039520
D020139,C0265706
D001649,C0005395
D016767,C0162510
D002779,C0008370
D001651,C0005398
D002780,C0008372
D002761,C0008311
D015209,C0566602
D003137,C0009440
D001655,C0005403
D005705,C0016977
D042101,C0267841
D041881,C0149520
D041882,C0521610
D004065,C0266015
D003965,C0011981
D006627,C0085758
D008467,C0025037
D001658,C0005417
D004937,C0014856
D014138,C0040588
D007412,C0341318
D004935,C0014852
D004931,C0014848
D004932,C0017145
D004939,C0014860
D004940,C0014866
D005759,C0017160
D001064,C0003615
D017091,C0162529
D011350,C1257848
D004238,C0012813
D004403,C0013369
D004751,C0014335
D004382,C3853541
D004760,C0014356
D020345,C0520459
D005758,C0017155
D015212,C0021390
D052016,C0333355
D006471,C0018932
D008551,C0025222
D010438,C0030922
D003108,C0009373
D003112,C0009377
D043963,C0012819
D004239,C0012814
D008531,C0025160
D012810,C0037072
D004378,C0013289
D004380,C0013292
D010439,C0030925
D007077,C0020875
D007415,C0021843
D045823,C1258215
D007418,C0021847
D045822,C0042961
D007416,C0021845
D007579,C0022373
D002446,C0007570
D007787,C0022951
D008641,C0025472
D012002,C0687707
D001004,C0003462
D013276,C0038358
D013271,C0038353
D017219,C0162651
D011707,C1541124
D013275,C0038357
D013277,C0038359
D012202,C0751485
D020518,C0333980
D017093,C0085605
D006501,C0751198
D017114,C0162557
D006502,C0856761
D006519,C0019187
D006520,C0019188
D006521,C0524611
D019693,C0241910
D006527,C0019202
D006529,C0019209
D008104,C0023891
D008108,C0023896
D010382,C0030781
D017118,C0162565
D010182,C0030286
D010195,C0001339
D019283,C0267941
D010532,C0031142
D002915,C0008732
D008640,C0025469
D015436,C0030330
D010538,C1449646
D011027,C0032320
D010485,C0524686
D010484,C0282295
D009059,C0026636
D001528,C0004943
D008047,C0023760
D002971,C0008924
D009056,C0026633
D019226,C0149745
D010510,C0031090
D005891,C0017574
D010518,C0031051
D012466,C0036093
D010305,C0030579
D010309,C0030583
D012793,C0037023
D012798,C0013132
D013364,C0038557
D013280,C1568868
D013262,C0014518
D013281,C0086789
D014060,C0025988
D005928,C0017675
D010608,C0031345
D009302,C0027438
D009304,C0027441
D010612,C0031350
D014069,C0040425
D014071,C0524730
D003744,C5442008
D018126,C0206554
D014076,C0040435
D017001,C0085511
D003731,C1707305
D018677,C0242891
D014098,C0040460
D001982,C0006261
D001983,C0006262
D016535,C0085129
D001986,C0006266
D001987,C0006267
D007619,C0022521
D001991,C0006277
D001988,C0006271
D001989,C2350875
D018549,C0242770
D001996,C0006285
D015769,C0018200
D007818,C0023051
D007826,C0023066
D007827,C0023067
D003440,C2350036
D015615,C2350173
D016726,C0085269
D006469,C0019079
D006976,C0020542
D055732,C2350529
D055744,C0276653
D017563,C0206061
D000542,C0002390
D019867,C0403529
D006646,C0019621
D054990,C1800706
D011009,C0032273
D001195,C0003949
D002095,C0006542
D012829,C0037116
D008173,C0600260
D055370,C5690892
D055371,C0242488
D011001,C0032241
D011015,C0032290
D011017,C0032298
D011649,C0034050
D001261,C0264499
D011654,C0034063
D011655,C0524702
D054060,C0034074
D011656,C0221227
D019568,C0264395
D011657,C0034068
D011658,C0034069
D012127,C0035220
D009668,C0028432
D002754,C0008297
D006103,C0018197
D015508,C0027429
D009298,C0027430
D015522,C0016735
D015523,C0024959
D015524,C0037886
D012220,C0035455
D012221,C0035457
D010995,C0032226
D006876,C0020312
D010996,C0032227
D011030,C0032326
D012120,C0035204
D000532,C3887755
D001049,C0003578
D004418,C1956415
D000472,C0002064
D000142,C0001127
D000402,C0001883
D012133,C0035232
D012130,C0035228
D001998,C0006288
D016156,C0080107
D048090,C1449809
D004826,C0014541
D014136,C0040584
D013896,C0039978
D008477,C0025061
D008478,C0025062
D008480,C0025064
D014133,C0040580
D014135,C0040583
D004427,C0013447
D004433,C0013456
D006311,C0877848
D034381,C1384666
D003638,C0086395
D006312,C3665473
D003639,C1148477
D014012,C0751557
D007759,C0022890
D008575,C1527320
D007762,C0022893
D010031,C0699744
D010033,C0029882
D008417,C0024904
D010034,C0029883
D020274,C5671289
D002549,C0007795
D004673,C0014059
D004684,C0014077
D011129,C0032587
D020275,C3542501
D019846,C0393799
D009477,C0699739
D020277,C0393819
D014607,C0042170
D020293,C0018202
D020945,C0752332
D000270,C0001519
D006732,C0751203
D012791,C0037019
D054971,C1535893
D000405,C0001889
D020145,C1956233
D009459,C0027849
D020734,C0752097
D010302,C0030569
D020267,C0270730
D018458,C0917808
D001926,C0006110
D001928,C0006112
D020739,C0752107
D005693,C0751161
D007966,C2713319
D020158,C0751748
D007888,C0751267
D006009,C0342751
D000795,C0002986
D016537,C0085131
D007706,C0022716
D054078,C0342731
D010661,C0031485
D017590,C0393667
D001929,C0006114
D020202,C0751801
D020833,C0752219
D011007,C0032268
D002526,C0007760
D020754,C0752120
D013132,C0393519
D020520,C0393953
D020244,C0740376
D020925,C0752304
D020215,C0751815
D016893,C0007282
D020217,C0338586
D046589,C0751587
D002532,C0917996
D002538,C0007772
D002542,C0877855
D020766,C0007780
D020767,C0752143
D012851,C0751500
D020226,C0270638
D020227,C0751827
D020300,C0751893
D020198,C0751797
D006407,C0238154
D006408,C0018946
D020200,C0749095
D010899,C0032001
D020301,C0751895
D007562,C0022336
D004679,C0014070
D008590,C0025309
D004831,C0438414
D020190,C0270853
D017029,C0085417
D019305,C0376532
D004833,C0014558
D004830,C0014549
D013036,C0546878
D012640,C3495874
D003294,C0751057
D013226,C0393734
D020773,C0393735
D020325,C0154723
D007027,C0751230
D007849,C0023138
D010900,C0032002
D006966,C0020514
D007177,C0021141
D002534,C0995195
D019586,C0151740
D020343,C0151620
D054038,C0878576
D011559,C0033845
D013353,C0038538
D008581,C0025289
D016098,C0017495
D017204,C0162635
D020820,C0454606
D002819,C0393584
D004409,C0751088
D014103,C0152116
D013981,C0751553
D015835,C0155339
D013119,C0751515
D020760,C0752129
D020434,C0751940
D005155,C0270871
D009759,C0344243
D009886,C0339693
D009901,C0751402
D009896,C0029124
D009902,C0524679
D010211,C0919308
D009421,C0497552
D020785,C0752153
D054220,C5691433
D000757,C0431349
D001139,C0750929
D004677,C0393983
D008588,C1261470
D008591,C0751316
D016136,C0080174
D009472,C0022340
D002559,C0007815
D003655,C0751070
D001264,C0004158
D002375,C0233612
D004421,C0013421
D006948,C3887506
D011595,C3887612
D014202,C0751564
D008580,C0025287
D013064,C0751512
D004401,C0454596
D009155,C0026884
D003221,C0233407
D003128,C0860634
D053609,C0023380
D000648,C0002624
D005600,C0751157
D011218,C0265222
D020078,C0600467
D005207,C0541957
D009122,C0026826
D009222,C0700153
D014313,C0343495
D017116,C0751648
D005157,C0751135
D012585,C0036396
D006429,C0392550
D010264,C0278114
D011782,C0270790
D010291,C0030552
D020335,C0278118
D012678,C0036659
D006930,C0458247
D020795,C0085636
D012607,C0544679
D001750,C0005697
D020516,C0270896
D020426,C0751925
D009408,C0027743
D009443,C0027813
D000699,C0002768
D011128,C0032586
D011843,C0034544
D020258,C0154659
D000425,C0001940
D012892,C0751506
D002385,C0007384
D020187,C0751772
D013009,C0037672
D012887,C0751504
D003231,C0009763
D007637,C0022573
D010390,C0030804
D014985,C0043349
D003316,C0010034
D015715,C0010037
D007640,C0022578
D008850,C0026010
D012166,C0035317
D005141,C0015423
D007766,C0022904
D005901,C0017601
D009916,C0029182
D005094,C0015300
D054517,C0149507
D015878,C0026961
D009216,C0027092
D008268,C0024437
D031300,C0152026
D012173,C0154874
D002825,C0008513
D015882,C0035319
D015422,C0036412
D015423,C0027547
D015862,C0008521
D002833,C0008526
D015863,C0022073
D014605,C0042164
D015864,C0030343
D014606,C0042165
D015866,C0042167
D005832,C0017412
D004823,C0014534
D010409,C0030846
D011469,C0033575
D007172,C0242350
D013086,C0037856
D013733,C0039584
D003456,C0431664
D009920,C0029191
D012734,C0019269
D047808,C0302280
D006059,C0018051
D014424,C1527168
D007713,C0543754
D014570,C0042075
D001002,C0003460
D018500,C1563706
D003928,C4759705
D006869,C0020295
D006978,C0018036
D007673,C0022656
D052177,C0022679
D016891,C0085413
D007681,C0022667
D009393,C0027697
D005922,C0017661
D015432,C0017662
D015433,C1704378
D005923,C0086432
D008181,C0024143
D011704,C0034186
D011705,C0034188
D011702,C0034183
D007669,C0022650
D009402,C0027721
D009404,C0027726
D010501,C0031065
D012078,C0035066
D051437,C0035078
D007683,C0022672
D000141,C0001126
D056929,C0221043
D000608,C0002534
D003555,C0010691
D006463,C0019061
D014517,C0041956
D014518,C0041960
D014514,C1456865
D014522,C0041969
D014524,C0041972
D001748,C0005694
D014526,C0041976
D001745,C0005686
D003556,C0010692
D014718,C5232302
D014555,C0042035
D006417,C0018965
D009846,C0028961
D011141,C0032617
D000419,C0001925
D006456,C0019048
D014549,C0042024
D016055,C0080274
D052878,C0451641
D014545,C0042018
D005831,C0017411
D000291,C0001576
D005184,C0015556
D012488,C0036130
D010049,C0029928
D009869,C0029051
D016471,C0085083
D004716,C0014179
D004715,C0014175
D007247,C0341869
D014591,C0042131
D055112,C0034215
D002577,C0007867
D014597,C0042143
D014595,C0042139
D014623,C0042251
D019522,C0227791
D014627,C0042267
D014845,C0042994
D011539,C0033778
D000022,C0000822
D000030,C0000814
D000034,C0000823
D020964,C0752350
D016640,C0085207
D005313,C2718076
D005327,C0015951
D002821,C0002631
D004899,C0014761
D005317,C0015934
D004461,C0013537
D011225,C0032914
D007744,C0022865
D005322,C1566302
D007752,C0022876
D010921,C0032044
D010923,C0032046
D018457,C0242669
D004619,C0013927
D011254,C0032969
D011271,C0032987
D011269,C0032984
D011297,C0033054
D008413,C0024894
D018376,C0243050
D001017,C0003492
D003310,C0009995
D003330,C0010074
D004541,C0013743
D006345,C0018818
D013771,C0039685
D054079,C0158570
D001165,C0003857
D001164,C1956223
D016157,C0080304
D053840,C1721096
D018879,C0151636
D006327,C0004331
D008133,C0151878
D014927,C0043202
D013614,C0242513
D013616,C0039239
D017180,C0030590
D016171,C0040479
D014693,C0042510
D054141,C0152173
D002303,C0007166
D002305,C0007177
D002311,C1449563
D017379,C0149721
D002312,C0007194
D015428,C0027055
D009205,C0027059
D004696,C1541923
D016757,C0085298
D006342,C0018814
D018658,C1956158
D006349,C0018824
D001022,C0003504
D001024,C0003507
D008944,C0026266
D008946,C0026269
D011665,C0034088
D054058,C0948089
D023921,C0242231
D003328,C0010072
D056988,C0262564
D012770,C0036980
D010490,C0031039
D010493,C1167732
D010494,C0031876
D011185,C0032760
D011660,C0034072
D018754,C0242973
D054549,C1739395
D000783,C0002940
D000784,C0340643
D017541,C1510412
D017542,C0162869
D001019,C0741160
D001014,C0003486
D017544,C0162871
D017545,C0162872
D017543,C0162870
D000798,C0002992
D000799,C0002994
D001018,C0003493
D013625,C0003510
D001025,C0003509
D001157,C0264995
D001161,C0003850
D001162,C0003851
D058729,C1704436
D007383,C0021775
D013919,C0040021
D001167,C0003860
D004692,C0014100
D010488,C0086254
D019559,C0343084
D003925,C0025945
D017719,C1456868
D004617,C0013922
D004618,C0013926
D004620,C0013928
D017700,C0149649
D013923,C0040038
D013927,C0087086
D020246,C0042487
D013924,C0031556
D011561,C1867450
D012790,C0037018
D006974,C0020540
D016491,C0085096
D004916,C0014804
D010689,C0031542
D011928,C0034734
D015427,C0035126
D013159,C0037998
D014647,C0042344
D056647,C0264939
D015267,C0008728
D018366,C0151436
D005199,C0015625
D000745,C0002881
D000742,C1306589
D000755,C0002895
D006450,C0019034
D012805,C0037054
D004612,C0013902
D005955,C2939465
D006445,C0019021
D013103,C0037889
D013789,C0039730
D017085,C0002312
D006457,C0024790
D018798,C0162316
D000748,C0002886
D000752,C0002892
D000753,C0002893
D000754,C0002894
D000756,C0002896
D001778,C0005779
D000347,C2584774
D014842,C1848525
D004211,C0012739
D004438,C0013491
D055665,C0085650
D011696,C0857305
D016553,C0398650
D011697,C1956258
D013920,C3489628
D001787,C0005806
D012203,C0035404
D013921,C0040034
D013922,C0836924
D001796,C0005830
D000361,C0001768
D017099,C0162539
D006942,C0020455
D008998,C0026470
D007019,C0020639
D001855,C0005956
D009190,C2713368
D009196,C0027022
D007955,C0023501
D011087,C0032463
D055728,C0001815
D006453,C0019045
D006474,C0019087
D000796,C1368797
D017681,C1540912
D008218,C0024282
D007970,C0023530
D000380,C0001824
D009503,C0027947
D008231,C0024312
D018344,C0206744
D018921,C0282548
D010381,C3179244
D010585,C0031306
D002609,C0007965
D006105,C3661525
D008708,C0025637
D010198,C0030312
D011086,C0032461
D015614,C0019618
D015616,C0019624
D031249,C0878675
D015618,C0019625
D051359,C0019068
D020042,C0398367
D008205,C0024225
D008209,C1704423
D004604,C0544766
D008232,C0549463
D006099,C0018188
D014608,C0042171
D015275,C0041364
D019310,C0221269
D006971,C0002897
D013161,C0038000
D013952,C0040115
D000013,C0000768
D000014,C0000771
D004476,C1706004
D053358,C0162359
D007184,C0021171
D000016,C0000773
D025063,C0969687
D012857,C0037221
D000169,C0001197
D007057,C0020757
D019339,C0235752
D016116,C0080024
D056660,C0751422
D056587,C0343068
D010505,C0031069
D002239,C0007001
D006008,C0017919
D006012,C0017924
D009085,C0026707
D009087,C0026709
D008052,C0023772
D007009,C0020623
D015217,C0008384
D015223,C0043208
D011686,C0034139
D007644,C0022595
D003876,C0086196
D007232,C0021290
D001238,C0004045
D001720,C0005604
D007567,C1565887
D007235,C0021295
D009357,C0027609
D008178,C0024137
D008179,C0024138
D008947,C0026272
D017520,C0162855
D009230,C0027145
D012592,C0036413
D015434,C0030331
D010201,C0030328
D000152,C0001144
D056150,C0877055
D001941,C0006145
D017577,C0423772
D003872,C0011603
D003877,C0162351
D017449,C0162820
D003963,C0011974
D009783,C0086457
D003873,C0011606
D003874,C0011608
D019557,C0263449
D012628,C0036508
D004893,C0014743
D012713,C0036830
D004485,C0013595
D009450,C0027822
D011855,C0034561
D004890,C0041834
D004892,C0014742
D016463,C0085077
D005148,C0015704
D005533,C0016509
D005499,C0016436
D007039,C0020678
D000505,C0002170
D006229,C0018567
D007636,C0022572
D007868,C0023219
D008068,C0023801
D009260,C0027339
D010787,C0031762
D013471,C0038814
D011536,C0033771
D011537,C0033774
D011711,C0034212
D017511,C0085652
D012393,C0406486
D012536,C0036271
D017444,C0162818
D017512,C0162848
D017514,C0162850
D010267,C0030491
D010915,C0032024
D017445,C0162819
D012872,C0080159
D000051,C0000887
D001768,C0005758
D010391,C0030805
D010392,C0030809
D012883,C0037299
D007871,C0023223
D003668,C0011127
D013543,C0038986
D016575,C0085160
D006945,C0020458
D007007,C0020620
D008883,C0026113
D008659,C0025517
D000137,C0001118
D000138,C0001122
D007662,C0022638
D002114,C0006663
D006996,C0020598
D003920,C0011849
D011236,C0362046
D019190,C0282193
D006486,C0019114
D014973,C0043325
D010760,C0031707
D017674,C0085682
D014883,C0043065
D003681,C1136135
D006947,C0020461
D014869,C0043049
D015362,C1257753
D007228,C1257752
D044342,C0162429
D014802,C0042842
D005494,C0016412
D013832,C0039841
D026681,C1527330
D011191,C0032827
D011502,C0033677
D013217,C0038187
D009767,C0028756
D006944,C0020457
D007006,C0271623
D010279,C0030517
D007011,C0342342
D013971,C0040156
D013966,C0040147
D050031,C0677607
D013968,C0040149
D006086,C0018133
D006969,C0020523
D000707,C0002792
D016269,C0079840
D007105,C0020951
D001183,C0003907
D054019,C1619738
D007153,C0021051
D017074,C2936664
D018370,C0242597
D055501,C1096155
D019873,C0524988
D040921,C0038441
D005162,C0015480
D019958,C0029121
D001289,C1263846
D002659,C0008074
D001321,C0004352
D012560,C0036344
D012562,C0036347
D013001,C0037650
D002137,C0006736
D002828,C0008519
D003251,C1261287
D004240,C1510475
D004241,C0012811
D005146,C1306710
D005402,C0016169
D006552,C0019295
D006548,C0019284
D006549,C0019285
D006551,C3489393
D013163,C0038002
D011127,C0032584
D001201,C0003962
D002869,C0008625
D009006,C0026499
D048629,C1449861
D012729,C0036868
D001237,C0004044
D013398,C0038644
D004332,C0013142
D004194,C0012634
D000208,C0001314
D002908,C0008679
D016638,C0010340
D004198,C0012655
D004200,C0012675
D004630,C2745965
D019066,C0282631
D007049,C0020732
D035583,C0920627
D004646,C0013990
D013352,C0038536
D005119,C0015378
D002921,C2004491
D000267,C0001511
D012185,C0031022
D015745,C0018193
D006104,C0018199
D051261,C0399496
D005183,C0015544
D006470,C0019080
D016063,C0079027
D019106,C0032788
D012771,C0036982
D006932,C0020433
D041781,C0022354
D033461,C0740394
D020896,C0546884
D000210,C0001349
D005549,C0016549
D012700,C0036749
D018746,C0242966
D007431,C0021890
D007238,C0021308
D020347,C0023869
D008287,C0024525
D011293,C0033046
D005218,C0015668
D005734,C0017086
D009999,C0029396
D010149,C0030201
D020250,C0520904
D013529,C0038940
D012188,C0035361
D012769,C0036974
D009102,C0026766
D012774,C0036986
D014456,C0041582
D016710,C0085257
D000382,C0001828
D018923,C0282550
D000435,C0001969
D019969,C0236733
D019970,C0009171
D002189,C0006868
D006556,C0019337
D009021,C0026552
D001733,C0005658
D007299,C0021564
D012909,C0037379
D013986,C0040198
D002105,C0006635
D020230,C0699828
D004881,C0014714
D005517,C0679360
D005739,C0017107
D010939,C0032087
D015819,C0086182
D000007,C0848377
D000673,C0002694
D011885,C0034628
D013124,C0037937
D016103,C0080179
D001469,C0004760
D001753,C0005700
D003665,C0011119
D002057,C0006435
D002058,C0006436
D002059,C0006437
D015208,C0037367
D003288,C0009938
D015168,C0023702
D005547,C1532195
D005548,C0016548
D050723,C0332712
D005264,C0015802
D005596,C0524598
D005597,C0016662
D005598,C0016663
D012253,C0035522
D018882,C1399682
D006359,C0018839
D018883,C0018843
D013474,C0038819
D007869,C0023220
D018409,C0406185
D009104,C0026771
D012652,C0036601
D012090,C0035127
D013708,C0039504
D013898,C0039980
D006335,C0007172
D014949,C0043253
D014950,C0043254
D014948,C0043252
D014951,C0043255
D016602,C0085178
D015821,C0015405
D016720,C0276908
D009807,C0341038
D054740,C1260325
D015458,C0023492
D008203,C0024223
D018192,C0751674
D054391,C0392788
D018194,C0206622
D051677,C0334463
D006607,C0019522
D018252,C0206673
D003536,C0010631
D009383,C0027668
D005266,C0015807
D013544,C0038987
D011252,C0032966
D015576,C0020492
D025241,C0949690
D010855,C0031900
D015207,C0029410
D008105,C0023892
D005757,C0017154
D006396,C0018926
D008532,C0025162
D005235,C2718067
D006465,C0019065
D009066,C0026644
D005929,C0017677
D000848,C3489529
D003773,C0011389
D014095,C0040456
D011668,C0034091
D004844,C0014591
D015837,C0042594
D009542,C0028064
D012618,C0036489
D020176,C0268486
D002341,C0750989
D014653,C0042376
D006850,C0020258
D006941,C0751215
D017769,C0393886
D003607,C0155223
D012164,C0035309
D001747,C0005690
D007690,C0022680
D015499,C0035091
D001744,C0005683
D006831,C0020224
D014339,C0041207
D011666,C1956257
D000788,C0002963
D014694,C0042512
D001015,C0003490
D055953,C2347126
D012010,C0034902
D014813,C0042880
D017890,C0206369
D040181,C1138434
D008010,C0023646
D006962,C0020503
D006044,C0018023
D006045,C0021897
D003291,C0009946
D005355,C1623038
D012183,C0333458
D006230,C0018571
D022125,C0043246
D054969,C0013363
D020814,C0338395
D013589,C0003511
D004154,C0012517
D007942,C0023441
D013945,C0205969
D002817,C0008487
D000130,C0001080
D007870,C0023221
D009209,C3179196
D016142,C0431362
D005242,C0015732
D006819,C0020192
D007040,C3203358
D004426,C0013446
D006317,C1148522
D004681,C0014072
D009444,C0027814
D020211,C0238015
D020236,C0338591
D038261,C0270726
D006712,C0751202
D014899,C0043121
D020199,C0749098
D017034,C0085541
D020195,C0278193
D020178,C0877792
D055673,C0796147
D007331,C0021645
D009123,C0026825
D011681,C0271131
D020886,C0752257
D013901,C1956395
D020196,C0751793
D005131,C0015408
D005902,C0017612
D051436,C1561643
D047928,C0151526
D011250,C0032964
D006332,C1383860
D058687,C2936490
D003329,C0010073
D018487,C1277187
D006940,C0178824
D005330,C2909036
D006475,C0019088
D012593,C0036415
D000592,C0002514
D008664,C0025534
D007102,C0020941
D000140,C0001125
D010383,C0030783
D007732,C0022806
D048909,C0342257
D011629,C0034013
D018777,C0242992
D021184,C0577620
D003643,C0376297
D012773,C0036984
D002252,C0392622
D036841,C0008775
D019567,C0004601
D001734,C0005660
D015701,C0027516
D004556,C1556061
D006620,C5690870
D018460,C0476171
D015775,C4704922
D005627,C0016736
D002647,C0008058
D005383,C0016124
D016512,C0085111
D003444,C0010392
D003235,C0009770
D014141,C0040592
D007639,C0022576
D001885,C0006015
D045826,C1258223
D005892,C0017575
D012766,C0036969
D015441,C0023351
D014379,C0041306
D012830,C0037118
D016863,C0085389
D004889,C0014736
D013554,C0039007
D015231,C0036917
D013145,C0037974
D003320,C0010043
D002179,C0006846
D016890,C0085412
D020241,C0153064
D016262,C0080040
D011557,C0033839
D018173,C0206602
D008380,C0024793
D000453,C0002016
D027601,C0949804
D004474,C0013570
D004482,C0013591
D009234,C0027152
D006524,C0019194
D001117,C0205671
D018175,C0206606
D001882,C0006008
D001890,C0006023
D018186,C0206615
D018174,C0206604
D003333,C0010078
D004753,C0014342
D005761,C0017162
D001353,C0004421
D016181,C0079335
D039682,C1136321
D019053,C0282616
D019247,C0343755
D011021,C0032306
D016582,C0085164
D016183,C0079864
D012410,C0035921
D020808,C0752182
D015827,C0029002
D014126,C0040561
D004169,C0012561
D006925,C0020413
D013622,C5392955
D006374,C0018891
D004022,C0012118
D004184,C0012602
D005213,C0015655
D009349,C0027583
D001198,C0003952
D010123,C0030100
D017205,C0162636
D004320,C0013100
D000724,C0002831
D009332,C0027528
D009814,C0028887
D014252,C0040947
D006188,C0018477
D014253,C0040948
D004451,C0013514
D010273,C0030500
D011529,C0033741
D012523,C0036231
D002598,C0007930
D014247,C0040923
D004478,C0013578
D012532,C0024710
D013955,C0040124
D007939,C0023420
D007940,C0023421
D007941,C0023429
D015461,C0023494
D007952,C0023484
D007953,C0023488
D018193,C0206764
D018197,C0206624
D009372,C0027656
D002812,C0936248
D002813,C0008479
D018212,C0206638
D012515,C0036221
D018216,C0206641
D005097,C0015306
D000232,C0001422
D018226,C0206650
D009214,C0027086
D018235,C0206658
D012511,C0036213
D012510,C0036211
D017599,C0206093
D018302,C0751677
D005729,C0017075
D018276,C0206693
D003969,C0086768
D014328,C0751567
D007516,C0022134
D007340,C0021670
D018248,C0206669
D018256,C0206677
D018293,C0206709
D018263,C0206682
D002293,C0007135
D018268,C0206686
D002285,C1332347
D005935,C0017689
D018277,C0206694
D018283,C0206700
D019048,C0282612
D002287,C0007128
D018287,C0206704
D018827,C0243038
D018300,C0206713
D018312,C0206724
D006106,C0018206
D018311,C0024167
D007984,C0023601
D012707,C0036769
D009455,C0027830
D018318,C0206728
D009456,C0027831
D009463,C0027858
D009506,C0027960
D009507,C0027961
D007573,C0022364
D010157,C0030215
D009669,C0751394
D046152,C3179349
D009377,C0027662
D018813,C0025268
D009347,C0027577
D014604,C0042162
D002830,C0008523
D007972,C0023532
D010039,C0029897
D009423,C0027766
D020295,C0751886
D002528,C0007762
D015173,C0038874
D003390,C0153644
D012626,C0036503
D012142,C0035244
D014625,C0042237
D002284,C0007122
D009381,C0027666
D009361,C0027626
D015043,C0043515
D011230,C0282313
D004393,C0013338
D013796,C0039743
D003394,C2931196
D012415,C0035934
D003398,C1833340
D013576,C0039075
D005660,C0016842
D002806,C0282102
D002973,C0008928
D004613,C0013903
D005357,C4704884
D005359,C0242292
D006957,C4721789
D010026,C0029464
D018488,C0242699
D009081,C0033788
D010018,C3887650
D053716,C1721053
D011547,C3494506
D011556,C0033835
D017760,C0206231
D016301,C0002382
D004839,C0014571
D005096,C1442903
D010004,C2674695
D012544,C0036310
D013121,C0037932
D008141,C0024003
D055013,C1442869
D013168,C5545315
D036981,C1136148
D005530,C0025585
D005413,C0152237
D005531,C0016507
D006215,C0018536
D037081,C1136154
D006228,C0018566
D011378,C0033324
D008336,C0024689
D017271,C0079173
D000844,C0003090
D020370,C0409959
D001177,C0003892
D057925,C2936290
D006618,C4551649
D007593,C0022410
D020386,C0242287
D020966,C0752352
D049288,C0686353
D020914,C0175709
D017696,C0546125
D010245,C0030443
D052256,C1568272
D009139,C0151491
D004062,C0220704
D009634,C1527404
D017880,C0206762
D004480,C0031575
D017689,C0152427
D001656,C1855284
D016738,C0085280
D001006,C0003466
D004933,C0014850
D007409,C0021828
D005747,C0017128
D010185,C0030290
D015154,C0014858
D011004,C0032249
D004942,C0014869
D003109,C0009374
D000343,C0001727
D001765,C0005750
D012778,C0036992
D013182,C0038054
D045602,C0038238
D011006,C0032266
D011504,C0033680
D000126,C0001075
D018589,C0152020
D006504,C0019156
D020065,C0600452
D008106,C0023893
D006472,C0029163
D005882,C0017577
D019214,C0376480
D005885,C0017566
D055113,C0266929
D010514,C0031094
D014085,C0040444
D014987,C0043352
D013282,C0038364
D008260,C0024421
D014096,C0162475
D003728,C0011330
D003784,C1527284
D003789,C0011406
D009050,C0026618
D008310,C0242385
D003769,C0011385
D008311,C0399523
D008312,C0024638
D003750,C0011360
D014075,C0040434
D014072,C0040428
D014077,C5691421
D014091,C0040451
D012391,C0035851
D001250,C0015263
D007819,C0023052
D007829,C0340228
D014826,C0542142
D006685,C0751201
D010547,C0031190
D012806,C0037061
D017564,C0206063
D008471,C0025048
D001997,C0006287
D006468,C0019077
D020181,C0751761
D010845,C0031880
D002639,C0008039
D009058,C0026635
D006316,C0018780
D011304,C0033074
D015834,C0009197
D010040,C0029899
D001304,C0004303
D001308,C0750942
D020278,C0751875
D020720,C0752087
D002422,C0007462
D012019,C0034931
D019578,C0393571
D019462,C0751721
D013547,C0162473
D020144,C0751739
D004422,C0013423
D009849,C0751398
D005879,C0040517
D020208,C0751813
D017825,C3542499
D007965,C0023521
D007926,C0023374
D012497,C0751491
D013661,C1848922
D052556,C0268247
D008375,C0751285
D009800,C0028860
D018901,C0751708
D012035,C0034960
D017042,C0085547
D020163,C0268542
D007647,C0022610
D017827,C0751668
D005621,C0016719
D015161,C0022958
D013349,C0751531
D020212,C0751816
D015140,C0393561
D002539,C0007774
D007969,C0023529
D057180,C0338451
D020774,C0236642
D004678,C0014068
D020194,C0751785
D020788,C0752166
D006964,C0751221
D047748,C0221406
D017096,C0162534
D016643,C0085209
D012608,C0036457
D009134,C0026847
D014897,C0700595
D020220,C0751820
D020331,C0221060
D020437,C0751945
D029241,C0338508
D020433,C0393789
D006832,C0431383
D020271,C0751870
D015518,C0035372
D016472,C0085084
D010244,C0393540
D024801,C0949664
D020323,C0278076
D020233,C0231694
D007805,C0751257
D020915,C0349464
D003410,C0010314
D038901,C1136249
D016532,C0026705
D018980,C0175702
D055948,C0872084
D020270,C0586323
D000857,C0553757
D013651,C5392959
D000370,C0278155
D015354,C0042798
D020511,C0751950
D000170,C0001198
D020422,C0235880
D020423,C0456516
D020430,C0206239
D020269,C0085677
D000430,C0001957
D020263,C0751859
D020264,C0751860
D020149,C0677050
D020262,C0546127
D020919,C0752285
D009290,C0027404
D020923,C0393776
D020197,C0751794
D003229,C0009759
D016510,C0085109
D003318,C0010038
D005124,C0015393
D000853,C0003119
D003103,C0009363
D015792,C0035313
D015785,C0015398
D016115,C0078922
D012174,C0035334
D001762,C0005741
D001035,C5392168
D001036,C0003535
D009798,C0017614
D012030,C0034951
D001251,C1847524
D006956,C0020490
D003930,C0011884
D015356,C0006123
D012162,C0035304
D015861,C5200822
D012178,C0035344
D007246,C4074771
D007021,C0848558
D011317,C0033117
D012735,C0237873
D018783,C0242998
D013088,C0037859
D014564,C0042063
D017588,C0206081
D013734,C0268301
D006061,C0018054
D017436,C1563720
D005611,C0016697
D009394,C0027706
D006959,C0020500
D017044,C0085548
D009397,C0027709
D053040,C0392525
D009400,C0027719
D009401,C0027720
D006030,C3245525
D011546,C0033805
D053099,C0242528
D014515,C0041954
D053201,C0878773
D004775,C0014394
D006029,C0017979
D014550,C0042025
D052776,C1720887
D000858,C0003128
D004714,C0456483
D008595,C0025323
D014596,C0205990
D014848,C0042998
D014719,C0042582
D000033,C0000821
D005320,C0015938
D015160,C0455988
D005311,C0015924
D048070,C1285261
D046110,C0341934
D017359,C0162739
D006939,C0020450
D000037,C0000832
D001946,C0233283
D004420,C0013418
D016104,C0079924
D010927,C0032051
D011273,C0032993
D019052,C2909478
D004374,C0013274
D004437,C0013481
D004694,C0014116
D018636,C0152101
D014188,C5690880
D001146,C0003813
D000219,C0001396
D054537,C0004245
D013612,C0039234
D016534,C0085128
D017380,C0162770
D002310,C0007192
D024741,C0949658
D058065,C0853897
D004719,C0553980
D004489,C0013608
D054144,C1135196
D006341,C1959586
D017566,C0206064
D017682,C0376416
D018497,C0242707
D054179,C0019243
D058246,C1696708
D013684,C1138421
D057772,C0178324
D014689,C0042485
D000751,C0002891
D002836,C0008533
D001791,C0005818
D017098,C0162538
D034141,C0239981
D019851,C0398623
D008201,C0024215
D001506,C0004903
D019082,C0175694
D054463,C1955934
D004820,C0014527
D016108,C0079136
D020138,C0598608
D018981,C0282577
D005953,C0017920
D006010,C0017922
D009083,C0026703
D008059,C0026708
D009084,C0026706
D015323,C0034350
D007566,C0022350
D006950,C0020474
D008072,C0023817
D006938,C1704417
D006952,C0020479
D006953,C0020480
D006954,C0020481
D000012,C0000744
D008064,C0023794
D016464,C0085078
D007014,C0020630
D020642,C2936847
D012873,C0037277
D006554,C1306503
D007627,C0022548
D005348,C0085750
D006177,C1449721
D017453,C0162823
D017484,C0162830
D016523,C0085119
D006628,C0019572
D006983,C0020555
D007642,C0022594
D002145,C0376154
D008548,C0025209
D000052,C0000889
D007911,C0023321
D002115,C0006666
D044882,C1257958
D003923,C0011859
D018149,C0271650
D019189,C0012715
D052439,C0154251
D050171,C0242339
D006951,C0020476
D054559,C0085681
D019282,C0043046
D006986,C0020579
D002796,C0008412
D012257,C0035528
D001602,C0005122
D014811,C0042875
D013540,C0038981
D044343,C1257763
D056128,C2936179
D006058,C0018050
D005058,C0151721
D011628,C0034012
D005067,C0015190
D006043,C0018022
D006981,C0020551
D018382,C2940786
D021183,C0559470
D000379,C0001818
D004213,C0020703
D056912,C0596170
D052018,C2267227
D003303,C0009983
D010842,C0232480
D014256,C0040953
D001010,C0003477
D020817,C0236792
D019959,C0525042
D019957,C0026613
D019956,C0038273
D019263,C4704929
D016574,C0085159
D012569,C0021151
D012563,C0011251
D019968,C0525047
D020018,C0033953
D014189,C0040765
D057215,C0005887
D001284,C0333641
D004108,C0012359
D006550,C0019288
D006555,C0019326
D006553,C0019310
D006984,C0020564
D009264,C0027344
D058225,C2936349
D058226,C0015697
D007417,C0021846
D003111,C0009376
D020257,C0600519
D019457,C0376628
D024182,C0969675
D014997,C0043379
D014178,C0040715
D012298,C0035624
D051799,C1566590
D006965,C0020507
D004412,C0013390
D009839,C0028949
D008679,C0025568
D006083,C0018128
D016711,C0085258
D009293,C0027412
D005458,C0016325
D009145,C0026865
D008630,C0025427
D015651,C0026953
D007842,C0023119
D014029,C0028043
D005543,C0016537
D014458,C0041601
D006810,C0020162
D012783,C0037005
D014954,C0043264
D005129,C0015401
D007572,C0022363
D008337,C0024692
D009917,C0162437
D006617,C0019554
D031222,C1135812
D005265,C0015806
D050815,C0521169
D005599,C0016665
D011542,C0033785
D058866,C0521170
D003100,C0009353
D050724,C1564560
D007718,C0022744
D019838,C0027531
D014911,C0043145
D017695,C0037578
D013180,C0080194
D012749,C0036916
D002181,C0006852
D016921,C0085438
D020330,C0751905
D018242,C0751675
D009508,C0027962
D008342,C0242387
D005532,C0016508
D006227,C0018565
D006484,C0019112
D015211,C3658299
D006314,C0018777
D000160,C0001163
D004834,C0751127
D020936,C0393693
D004948,C0014877
D005099,C0015310
D025962,C0338503
D007806,C0454560
D004410,C0002018
D048949,C0474368
D038642,C0686721
D014823,C0042909
D019773,C0339543
D012163,C0339546
D012167,C0024441
D006848,C1720771
D021782,C1567426
D052065,C2004487
D002581,C0007871
D008796,C0025874
D000027,C0000810
D048968,C0312416
D053589,C1721023
D006559,C0019343
D011274,C0032994
D005687,C3665358
D006343,C0018816
D018633,C0242855
D058529,C1384670
D004695,C0014117
D011026,C0032319
D019320,C0238096
D005331,C0015959
D005173,C0015523
D007020,C4722227
D054098,C3853779
D017490,C3543867
D006011,C0017923
D006933,C0220991
D043202,C1257809
D043204,C0342488
D010246,C0030445
D051556,C0857007
D019955,C5392973
D049292,C0948163
D012598,C0036429
D010623,C0031391
D012784,C0037006
D013341,C0038505
D004414,C1384606
D019687,C0162482
D014593,C0042135
D007715,C0022739
D045729,C1258090
D018347,C0206746
D003551,C0277066
D018278,C0206695
D049913,C1306214
D020786,C2919945
D018246,C0206667
D005142,C0015424
D019574,C1456779
D000182,C0001231
D057767,C2745963
D001471,C1258085
D019449,C0376620
D020047,C0149771
D055397,C2350350
D020326,C0338480
D018781,C0033893
D003027,C0393739
D018917,C0155305
D051474,C0032768
D020428,C0751930
D049970,C1563709
D008269,C0271178
D020256,C0600518
D015868,C0030593
D004842,C0014588
D052858,C0010695
D008069,C0023804
D052496,C1720859
D055677,C0860549
D006994,C0376185
D005715,C0030662
D020852,C0752235
D020953,C0752342
D008976,C0026393
D018702,C0242917
D018353,C0206751
D016766,C0085306
D016263,C0078911
D016182,C0080323
D011648,C0034049
D004011,C0012102
D008924,C0026229
D015472,C0023439
D008637,C0025464
D018200,C0206627
D005870,C0017525
D018222,C0079218
D018223,C0206647
D013005,C0037661
D016518,C0027832
D008039,C0023743
D018279,C0206696
D018297,C1333190
D018317,C0751689
D018322,C0206731
D003123,C1333990
D003230,C0009761
D008444,C0024958
D053578,C1096154
D004057,C0020498
D017237,C0162666
D020391,C0238288
D020514,C0238358
D015155,C0014863
D045723,C0917875
D046729,C0238067
D011349,C0033246
D005244,C0015734
D044483,C1257915
D046248,C1867403
D017119,C0162566
D046350,C0162532
D019512,C0376670
D010483,C0031028
D055154,C0454545
D006872,C0020303
D020182,C0475712
D053120,C1720922
D020961,C0752347
D020216,C0751817
D015840,C0271371
D055952,C0271270
D015417,C0019816
D006623,C0019562
D020336,C0037771
D004408,C0013378
D020427,C0270810
D016878,C0085404
D020920,C0752289
D015812,C0017605
D015841,C0014306
D001449,C0004698
D053202,C0150045
D054068,C0085642
D016107,C0079293
D009335,C0027538
D012594,C0263409
D017492,C0022603
D000274,C0001529
D004936,C0014854
D016672,C0085232
D046449,C0178282
D014102,C1956418
D006431,C0018994
D049291,C0262627
D008446,C0024961
D020339,C0751910
D015624,C0022972
D006409,C0018948
D013606,C0751543
D016715,C0085261
D009837,C0279070
D002275,C0007093
D013330,C0038478
D003528,C0010606
D013798,C0039747
D009808,C0027657
D008539,C0025184
D020234,C0751836
D001248,C0004095
D009755,C0028077
D050035,C1563718
D008185,C0024164
D006362,C0018854
D008338,C0024693
D018201,C1332965
D038062,C0749794
D018269,C0206687
D006491,C0019123
D004774,C0014390
D054143,C1135191
D031221,C0159970
D017497,C0162836
D014008,C0040259
D045888,C1258666
D013581,C0085648
D054218,C1961099
D018198,C0206625
D017624,C0206115
D018205,C0206631
D018249,C1510502
D018282,C0206699
D010145,C0030186
D018309,C0206722
D018310,C0206723
D058922,C0278601
D004701,C1704374
D018761,C0025267
D012468,C0220636
D010307,C0747273
D015174,C0014536
D046150,C0271568
D007714,C0022738
D058631,C0238402
D001849,C0005942
D003649,C0011085
D010008,C0029421
D017887,C0206366
D007569,C0022360
D046788,C0877149
D013716,C0039516
D041761,C0947622
D057868,C0919691
D004383,C0013299
D005401,C4759657
D011538,C0033775
D058625,C0745744
D046768,C0027773
D010520,C0031106
D013224,C0038218
D002925,C0008780
D018467,C0242676
D000550,C0750903
D020159,C0175683
D020762,C0752132
D019585,C0751731
D034081,C1135993
D020759,C0221069
D020417,C0700501
D020421,C0234329
D056769,C0268425
D019575,C0858621
D013631,C0751544
D017593,C0206085
D020447,C0751946
D005130,C0015402
D004483,C0013592
D015814,C0028841
D047728,C0154778
D012170,C0154841
D010411,C0030848
D006060,C0018055
D014525,C1720814
D053206,C0270327
D002640,C0008043
D003914,C0011813
D054092,C0016522
D002313,C0007196
D054059,C0151814
D023903,C0948480
D054070,C0277919
D011186,C0032807
D025861,C0852077
D020016,C0600433
D054868,C1956093
D014972,C0043324
D044148,C0398368
D052456,C1704429
D006995,C0020597
D000153,C0001145
D007402,C0021807
D012875,C0037279
D002128,C0006705
D020315,C0577628
D003859,C0011548
D056887,C0877015
D012422,C0035956
D007446,C0021943
D017439,C0162810
D001134,C0003794
D018253,C0206674
D018267,C0206685
D042883,C0701818
D008313,C0399526
D017213,C0162644
D009471,C0027873
D020209,C0273483
D029242,C0917796
D013479,C0038833
D005166,C0015499
D013273,C0038355
D049912,C0346302
D006530,C0019212
D020203,C0751802
D019571,C0349788
D001028,C0003516
D001159,C0003843
D013611,C0039232
D013613,C0039235
D021921,C0003499
D014264,C0040963
D018455,C0242666
D011052,C0032372
D014860,C3665596
D006223,C0265326
D012207,C0035411
D012587,C0036400
D012222,C0035459
D020918,C0458219
D003117,C0155015
D006988,C0020581
D014847,C0042996
D007979,C0023569
D018785,C0243002
D001020,C0340375
D011662,C0034084
D020151,C0398625
D013436,C0038732
D008200,C0024214
D014428,C0041428
D000474,C0002066
D015776,C0022584
D001129,C0003782
D009794,C0028817
D013985,C0040197
D012421,C3203359
D009878,C0339166
D010202,C0030332
D012226,C0035468
D002602,C0007947
D054312,C0085568
D005667,C0242301
D010304,C0030578
D006522,C0019191
D015822,C0015406
D007897,C1328252
D017824,C0152244
D003803,C0011428
D010509,C0031087
D011842,C0034543
D008639,C0025467
D010310,C0030584
D011151,C0032650
D008204,C0024224
D012751,C0036920
D018208,C0206634
D002804,C0008441
D034701,C1136033
D018214,C0206640
D015831,C0029423
D018218,C0206643
D054363,C0334511
D018228,C0206652
D018233,C0206656
D018236,C0206659
D018304,C0206717
D018262,C0206681
D018280,C0206697
D018294,C0206766
D018296,C0206711
D018324,C0206733
D018325,C0751692
D000564,C0002448
D050398,C0334556
D009918,C0029185
D019292,C0376527
D013362,C0038554
D015192,C0021432
D005185,C0015558
D007971,C0023531
D014983,C0043346
D006972,C0020534
D013580,C0039093
D004687,C0014084
D008557,C0025239
D000387,C0001860
D013169,C0038018
D006226,C0018564
D012215,C0003960
D058566,C2936445
D015838,C0029427
D006833,C1253936
D007594,C0022411
D013586,C0039106
D004387,C4082974
D012003,C0205929
D008309,C0024633
D044504,C0343387
D012005,C0034888
D017121,C0162569
D046351,C0162568
D005150,C0015458
D002613,C0007971
D008556,C0025235
D016155,C0079943
D003751,C0011361
D005884,C0017565
D057873,C2936258
D008882,C0026103
D012465,C0036089
D015494,C0036091
D014063,C0040412
D003805,C0011430
D002012,C0006325
D003788,C0011405
D003790,C2717739
D003809,C0011434
D011671,C0034103
D014079,C0040438
D014082,C0040441
D015521,C0015029
D018159,C0206586
D010032,C0029878
D018058,C0206504
D008538,C0025183
D006250,C0018609
D005733,C0017083
D003616,C3887633
D020526,C0455718
D020225,C0751824
D050798,C1262087
D020210,C0560651
D020222,C0161407
D020221,C0751822
D020235,C0751838
D010591,C0031315
D018437,C0751693
D015877,C0026205
D020425,C0542141
D013641,C0039319
D020424,C0154743
D011625,C4520843
D003317,C0024439
D005642,C0016781
D001764,C0005747
D007767,C0022906
D007905,C0023308
D016727,C0085270
D019315,C0302497
D000793,C0002982
D018630,C0242852
D014603,C0042161
D007500,C0022081
D009879,C0029077
D015867,C0042166
D006398,C1262061
D001446,C0004690
D010688,C0031538
D010263,C0030483
D014548,C0042021
D018856,C0282488
D002575,C0007860
D007724,C0022783
D056824,C0919631
D011694,C0034151
D029503,C1260899
D000746,C0002882
D005236,C0015702
D020152,C3658294
D058252,C1275339
D011535,C0033770
D016538,C0085132
D019294,C0238052
D007645,C0025221
D010214,C2713394
D056684,C0221348
D000652,C0002636
D017441,C0162812
D015435,C0030327
D000507,C0002173
D053718,C0263390
D045745,C0748540
D011040,C0032342
D054989,C1619692
D006837,C0020241
D017443,C0162817
D003527,C0010598
D003289,C0009940
D017789,C0206260
D046748,C0877172
D014855,C0043020
D005126,C0015395
D015807,C0015409
D008440,C0024953
D015051,C0043540
D025981,C0281865
D044584,C1176475
D018860,C0282492
D054318,C0232347
D004891,C0014741
D018224,C0206648
D004413,C0013393
D012779,C0024507
D014137,C0040587
D015619,C0035238
D020140,C0751738
D005645,C0268221
D056830,C2717907
D018880,C0033036
D011226,C0032915
D009008,C2713367
D017092,C0162530
D010874,C0031946
D015001,C0043388
D012227,C0035469
D018241,C0684337
D000239,C0001433
D002636,C0008029
D010985,C0032209
D009261,C0027341
D005156,C0015467
D009912,C0029166
D003741,C0011346
D007729,C0022802
D009461,C0027854
D006423,C0271202
D006871,C0020302
D005132,C0015411
D000750,C0002890
D015811,C0022079
D012797,C0037033
D002832,C0008522
D007906,C0023309
D015355,C0017609
D057066,C0152136
D041441,C0271091
D013915,C0040015
D020333,C0040381
D058447,C0151827
D007499,C0022078
D055955,C2717757
D055985,C1609538
D014010,C0040262
D045464,C1258039
D005925,C3494181
D020364,C0270932
D055752,C0149925
D019534,C0376685
D049310,C0751336
D018979,C0751713
D002054,C0006430
D019569,C0751726
D010497,C0031055
D001044,C0264598
D055008,C0003165
D020528,C0393665
D054972,C1299624
D013494,C0038868
D038223,C0546983
D051270,C0752150
D051302,C0393743
D051271,C0752146
D056784,C0270612
D020821,C0393598
D020179,C0231311
D003147,C0751050
D000381,C0001825
D000849,C0750915
D015875,C0751612
D020189,C0751774
D007638,C0022575
D008594,C0025322
D021922,C0012628
D056648,C2717865
D007960,C0023510
D005878,C0017551
D017496,C0162835
D052497,C0221032
D040701,C0236816
D004688,C0014089
D010025,C0029461
D000314,C0001630
D010580,C0031269
D020206,C0475073
D049188,C0086468
D029597,C4551647
D007946,C0023461
D034801,C2242987
D001079,C0003650
D010178,C0549471
D048550,C1306571
D015845,C0751611
D053447,C1720983
D007625,C0022541
D004310,C1956413
D001023,C0003505
D005352,C0016052
D002178,C0006845
D014009,C0040261
D006800,C0020091
D054066,C1955860
D017676,C0206139
D012223,C0035460
D005168,C0015503
D005171,C0015519
D005177,C0015530
D034321,C0853030
D016750,C0085292
D020429,C0751932
D007925,C0023370
D018438,C0242645
D020083,C0263859
D020828,C0033790
D011305,C0033075
D007088,C0751246
D009208,C0027070
D005926,C0017672
D013106,C0037899
D004411,C0751091
D000377,C0001816
D005862,C0017494
D002573,C0751033
D003414,C0010324
D002781,C0008373
D009667,C0028431
D018424,C0155490
D046089,C0155552
D020214,C0751814
D004370,C0994516
D002558,C0751026
D020205,C0751810
D056364,C0333157
D020288,C0205770
D020955,C0270733
D006211,C0018523
D020243,C0751843
D009072,C0026654
D020299,C0751892
D057174,C0751072
D020232,C0270707
D020191,C0751776
D017036,C0085543
D020240,C0234523
D053591,C0751136
D005254,C0015765
D016583,C0085165
D015491,C0020102
D012897,C0037341
D020809,C0752184
D018206,C0206632
D054364,C1266119
D018303,C0751678
D018306,C1622510
D018305,C0206718
D018286,C0206703
D018329,C0334448
D016545,C0085138
D055009,C1261380
D017243,C0162672
D020967,C0221055
D000567,C0002452
D006313,C0018776
D020279,C0751877
D020371,C0751914
D020143,C0268274
D015325,C0034345
D020201,C0751798
D002527,C0007761
D014854,C0043019
D016657,C0085220
D020192,C0751783
D019150,C0270724
D020758,C0752128
D015418,C0029125
D001184,C0566625
D020385,C0684219
D020294,C0751882
D017772,C0751660
D020184,C0751765
D015783,C0003076
D009100,C0026755
D028921,C0220754
D008363,C0024748
D030401,C0268237
D020751,C0236970
D055756,C0220654
D003966,C0011989
D034062,C0206042
D054082,C1879312
D053306,C1720956
D021182,C0949570
D052879,C0221065
D006616,C0019553
D005351,C0016049
D008065,C0023795
D020188,C0456511
D054546,C0393576
D001039,C0454573
D020183,C0393777
D016888,C0085411
D018229,C0206653
D009958,C0026363
D053684,C0149870
D052582,C0410060
D000874,C0003164
D020938,C0752323
D020436,C0152180
D046608,C0234362
D020921,C0752295
D016111,C0037231
D053632,C1279481
D055191,C4042763
D049068,C1450010
D014681,C0042454
D020432,C0271375
D000839,C0003078
D018887,C0282512
D006610,C0019537
D004454,C0013528
D058674,C1516516
D020941,C0158982
D018888,C0282513
D016569,C0005744
D018319,C0751690
D020186,C0393774
D020937,C0278188
D020922,C0456512
D016114,C0079588
D007222,C0021268
D017094,C0162533
D012001,C0034880
D001041,C0454575
D029593,C0022387
D005391,C0003824
D046649,C0751194
D014086,C0040445
D014084,C0040443
D004863,C0014670
D020146,C1956234
D055534,C1839259
D018602,C0026139
D020314,C0729544
D018211,C0206637
D037801,C0158461
D020338,C0395932
D056768,C1850386
D015324,C0034341
D054319,C0238265
D057178,C0751706
D018886,C0234471
D055964,C2717760
D015799,C0018425
D049932,C0398791
D010378,C0030764
D053608,C0234447
D010260,C0030477
D010324,C0030631
D002194,C0006895
D014190,C0040774
D020238,C0234512
D025064,C0949683
D003193,C0086040
D020237,C0751840
D006315,C0018779
D054091,C1848213
D015794,C0008525
D006053,C0265240
D058165,C2936346
D054062,C1955603
D052245,C0271097
D046088,C2607947
D019962,C0525043
D004819,C0014522
D001935,C0006131
D018238,C0206661
D007576,C0022367
D019767,C0524948
D009957,C0029293
D005886,C0017567
D005889,C0236001
D003811,C0011436
D024343,C0266061
D028243,C1527338
D020324,C0233795
D052159,C0950122
D044905,C4048196
D020204,C0751807
D057177,C2718017
D020435,C0751941
D018295,C0751676
D015467,C0023481
D020207,C0394016
D016697,C0017409
D011227,C1956255
D012753,C0036939
D054908,C1827301
D014007,C0040254
D018315,C0281328
D005358,C0016064
D046648,C0475060
D020943,C0752330
D052958,C0520720
D049248,C0152232
D019351,C0376551
D047508,C0001364
D009625,C0028271
D020165,C0751753
D056728,C1264040
D018240,C0014145
D043604,C0474820
D020513,C0238357
D044542,C0175704
D020765,C0752137
D038921,C0265252
D006399,C0018934
D054084,C0948355
D054138,C1955864
D017574,C0206068
D054139,C0242514
D013615,C0039238
D016170,C0078888
D054970,C0393911
D020757,C0149793
D055956,C2717758
D051299,C0751188
D020265,C0751862
D016117,C0078917
D015858,C0003081
D018308,C0206721
D020255,C0042907
D005084,C0015269
D005489,C0016395
D018902,C0282529
D008265,C0024433
D029461,C0342853
D020431,C0751937
D010981,C0032197
D018404,C0242621
D016716,C0085262
D006014,C0017926
D003232,C0009765
D046628,C0878588
D008865,C0026034
D056650,C0406670
D005175,C0015526
D017486,C0175167
D010023,C0029455
D056730,C0175693
D054877,C1956097
D031368,C1135841
D016180,C0079680
D018204,C0206765
D018215,C0029417
D020787,C1956261
D052120,C0878677
D001405,C0034935
D020260,C0751850
D053207,C0270328
D050030,C1563715
D054853,C0221011
D053307,C0398689
D016110,C0080333
D006015,C0017927
D054069,C1856401
D009263,C0027343
D054039,C0406209
D019080,C0221263
D006461,C0019054
D017759,C0206230
D011045,C0032357
D036982,C0158322
D006960,C3541458
D014263,C0040962
D046730,C0400822
D018220,C0206645
D005736,C0017097
D004368,C0085784
D009914,C0029172
D001447,C0004692
D008219,C0024286
D015823,C0000880
D004030,C0276791
D007570,C0022361
D004934,C0014851
D054429,C0349639
D000235,C0001429
D018210,C0206636
D018321,C0206730
D018217,C0206642
D018225,C0206649
D016586,C0085167
D018250,C0206671
D018265,C0206683
D018301,C3714739
D018365,C0543478
D055623,C0022602
D030981,C0917990
D010002,C0029405
D054850,C1956089
D015218,C0020499
D055034,C0029429
D046789,C0008475
D020857,C0752242
D020859,C0264134
D037061,C0025587
D053682,C0158329
D053706,C0267539
D014782,C0042783
D019896,C0221757
D017823,C0206306
D005888,C0017571
D003807,C0011432
D056586,C0742343
D008878,C0026069
D020721,C0752089
D052537,C0268243
D051303,C1565172
D051298,C0458101
D055958,C0458224
D053421,C1363854
D004479,C0013581
D017889,C0206368
D002579,C0007869
D007973,C0023533
D014624,C0042253
D054515,C0269084
D046548,C0238442
D053549,C1721007
D016109,C0079301
D016460,C0085074
D011146,C0032633
D010241,C0030436
D018459,C0023652
D052476,C1704299
D008398,C0024862
D012448,C0036913
D002388,C0007397
D011475,C3179278
D057068,C2609162
D058745,C1262206
D005409,C0016196
D047868,C1334455
D055035,C0477611
D055111,C1963763
D031845,C0917715
D038061,C0431943
D010916,C0032027
D000197,C0001264
D002485,C0007659
D009810,C0205865
D057887,C1305740
D020254,C0155930
D003387,C0010261
D014097,C0040458
D000237,C0001431
D046349,C0162531
D056806,C0154246
D015594,C0029128
D020779,C0266494
D001746,C0005689
D056124,C2316166
D052178,C0085988
D019553,C0376699
D002820,C0008493
D000694,C0002757
D013365,C0038558
D007691,C0022681
D013577,C0039082
D057096,C2717988
D012467,C0036094
D019280,C0265234
D009236,C0027155
D012006,C0034895
D018804,C0243025
D018243,C0206664
D018289,C0206706
D016137,C0037917
D057867,C1504464
D050805,C0272414
D011391,C0033377
D018230,C0086533
D015826,C0023003
D056735,C1846545
D002281,C0007118
D055092,C0264303
D006102,C0018196
D054080,C1562503
D002578,C0007868
D010249,C0030455
D001478,C0004779
D057129,C0544008
D054514,C0266568
D018814,C0025269
D058405,C0281508
D017600,C0206094
D014685,C0042465
D000708,C0002793
D020167,C0268553
D054221,C1955870
D057049,C2717961
D056693,C0268579
D054880,C0268225
D002007,C0302363
D018292,C0010636
D007757,C0022882
D018185,C0206614
D018330,C0206737
D050174,C1563751
D043171,C1257826
D020132,C0600498
D054438,C1292772
D001112,C0003742
D015593,C0035312
D023961,C0685837
D001606,C2713537
D016113,C0079583
D016112,C0079584
D017499,C0162838
D008151,C0024054
D053359,C1720965
D004416,C0205747
D017622,C0206114
D003719,C0011320
D006936,C0020441
D012181,C0035352
D017488,C0079153
D017191,C0686715
D021181,C0559469
D017169,C0751649
D015829,C0042168
D017043,C0007933
D018251,C0206672
D057826,C1842914
D057108,C2717990
D057130,C3540662
D056833,C0730328
D057135,C2237660
D058499,C0854723
D058456,C0154832
D017515,C0032026
D054119,C0003706
D058457,C0221259
D022861,C0079504
D055622,C2350476
D058442,C1306068
D057092,C1536085
D055496,C0695242
D046151,C0266284
D018234,C0206657
D006557,C0019338
D006100,C0018190
D021865,C0311386
D054685,C1292753
D018195,C0001442
D001948,C1563725
D054973,C1333068
D018261,C0206680
D018273,C1328479
D015408,C0017150
D007725,C0022790
D017562,C0524781
D016154,C0079238
D046728,C0400821
D029481,C0008677
D050090,C0266361
D053018,C0034216
D056828,C1857728
D015318,C0016752
D018176,C0206607
D005497,C0016427
D018199,C1334603
D020141,C0600502
D053039,C0041952
D057770,C2745948
D057072,C0332715
D057765,C0341106
D056989,C0264700
D058686,C1610620
D058426,C2936381
D003763,C0011378
D057973,C0878681
D006175,C0156372
D055954,C2717756
D004767,C0014371
D019960,C0013895
D029021,C0949885
D004682,C0014073
D001357,C0086942
D054067,C1959620
D007160,C0021070
D014064,C0040414
D057085,C2717979
D020150,C0264746
D055090,C0948187
D051516,C0149707
D015229,C0036918
D018266,C0206684
D055089,C0340231
D055091,C0264353
D055963,C1319853
D001607,C0005138
D004654,C0014014
D018298,C0206712
D058565,C2936443
D005671,C3494175
D058734,C0232100
D054975,C0265220
D008644,C0025476
D012224,C0035466
D049328,C0265985
D018332,C0206739
D019701,C0524911
D057792,C0267878
D058568,C0221243
D002862,C0008582
D014323,C0041170
D056266,C0265961
D016506,C0085106
D017513,C0162849
D005588,C0016632
D004894,C0014752
D010854,C0031898
D006483,C1138371
D055652,C0272302
D030321,C0950121
D050379,C0878486
D020157,C0751746
D013231,C0038235
D055031,C0948031
D036821,C0334486
D054882,C1860042
D058489,C0238394
D019588,C0231341
D001247,C0004093
D005334,C0015967
D005335,C0015970
D018614,C0242843
D007035,C0274285
D001835,C0005910
D001724,C0005612
D001836,C0005911
D015430,C0043094
D015431,C1262477
D004614,C0013911
D002100,C0006625
D020567,C0751992
D050177,C0497406
D013851,C0041667
D023341,C0085593
D003490,C0010520
D004487,C0013604
D005221,C0086525
D005222,C0015676
D005262,C0015799
D005316,C0015930
D005483,C0016382
D006337,C0232255
D054160,C0277910
D019584,C0600142
D051346,C1565249
D009041,C0026603
D018489,C0242700
D019954,C0525041
D011602,C0033931
D015746,C0000737
D000006,C0000727
D003085,C0000729
D056844,C0152169
D002637,C0008031
D021501,C0423640
D017699,C0030794
D019591,C0684343
D045262,C0206160
D000334,C0001707
D000855,C0003123
D003248,C1257861
D003967,C0011991
D003968,C0011992
D004415,C0013395
D004884,C0014724
D005414,C0016204
D005683,C0016927
D006209,C0018520
D006356,C0018834
D006606,C0019521
D006963,C0020505
D002032,C0006370
D009325,C0027497
D014839,C0042963
D014840,C0042964
D006935,C0020440
D018496,C0242706
D016857,C0085383
D012135,C0032230
D012913,C0037384
D012912,C0037383
D012877,C0037285
D010167,C0030232
D057896,C0152459
D053159,C0013428
D053565,C0020438
D053158,C0028734
D053448,C0242453
D053584,C1313921
D014770,C1452968
D018290,C0206708
